"#","Name","G","Et","Ef","ERR","PO","A","SBA","CS","DP","TP","PB","PKF","PK","FP"
40,"Gracjan Bielecki",1,0,0,0,1,0,0,0,0,0,0,0,0,1.000
1,"Edgar Toro",1,1,0,1,0,1,0,0,0,0,0,0,0,0.500
23,"Jakub Wojtczak",1,0,0,0,0,0,0,0,0,0,0,2,0,0.000
21,"Artur Wojtczak",1,0,0,0,0,3,0,0,0,0,0,0,0,1.000
6,"Wojciech Zagawa",1,0,0,0,1,0,0,0,0,0,0,0,0,1.000
17,"Mateusz Serafin",1,0,0,0,11,1,0,0,0,0,0,0,0,1.000
16,"Michał Nowicki",1,0,0,0,3,0,0,0,0,0,0,0,0,1.000
14,"Kacper Bielecki",1,0,0,0,0,0,0,0,0,0,0,0,0,0.000
13,"Kacper Kamiński",1,0,0,0,0,0,0,0,0,0,0,0,0,0.000
9,"Radosław Jóźwiak",1,0,0,0,0,0,0,0,0,0,0,0,0,0.000
45,"Kacper Cichowski",1,0,0,0,1,0,0,0,0,0,0,0,0,1.000
18,"Piotr Malarski",1,0,0,0,1,0,0,0,0,0,0,0,0,1.000
"","Nikodem Kieruńczak",1,0,0,0,0,0,0,0,0,0,0,0,0,0.000
28,"Eryk Kieruńczak",1,0,0,0,0,0,0,0,0,0,0,0,0,0.000
48,"Samuel Camacho",1,0,0,0,0,0,0,0,0,0,0,0,0,0.000
"","TOTALS",1,1,0,1,18,5,0,0,0,0,0,2,0,0.958